"Y_outcome_of_interest","D_treatment","X_running_variable"
3.70457358191903,TRUE,1.79338909720509
-2.46655064038808,FALSE,-1.5982588452372
3.34788343249249,TRUE,1.09714067807699
3.84268449039649,TRUE,0.425716077294575
4.91971053478056,TRUE,2.08383893691342
-1.64500679648413,FALSE,-0.375344371592995
-0.82582398949735,FALSE,-0.906098756055894
-1.20676095992855,FALSE,-0.0737807722494846
3.19068582142761,TRUE,0.372277435797093
2.80094116302697,TRUE,0.313114307316276
2.90279172414467,TRUE,0.23719283856126
2.61808858542238,TRUE,0.505979836516073
-1.9551697907983,FALSE,-0.352937827159149
2.91211610786115,TRUE,0.305906035790694
-2.18512422029758,FALSE,-0.715923352674678
2.76098432233609,TRUE,0.508090569265904
4.88546896963574,TRUE,0.937120017700238
1.78234017578041,FALSE,-0.360077428748379
6.16839226736988,TRUE,0.605996238158047
1.23109455215486,TRUE,0.381653127637292
2.33821910179755,TRUE,0.391622658521452
1.48252189325014,FALSE,-0.907118372839367
0.218492627962978,FALSE,-0.403959838375061
0.40914712491337,FALSE,-0.931909425191371
0.66851195249354,FALSE,-0.163095731264826
-1.0340650893591,FALSE,-1.12015565050001
-1.18452889301522,FALSE,-0.328991661964211
3.18988446628998,TRUE,1.53140234104886
3.93933861451036,TRUE,0.378654568303154
-0.119906157418625,FALSE,-1.80801267704629
-0.630037556605192,FALSE,-0.591414329968676
0.971262732422021,FALSE,-0.348353030782176
-0.488809717073768,FALSE,-1.07759085807537
2.67356911602759,TRUE,0.308877850028861
4.8478630955644,TRUE,1.07592100339004
6.79883352822531,TRUE,2.14094916608483
5.14453906722528,TRUE,1.59835034139388
-0.871354037755652,FALSE,-0.0606061459458641
0.425416958996705,FALSE,-0.103946202220077
-0.177014266243251,FALSE,-0.90562470932316
0.339558100395257,FALSE,-0.408343503323769
3.51103912431633,TRUE,0.507901183415337
-1.07852630009722,FALSE,-1.43718563564347
-0.51183516478357,FALSE,-0.416909940476159
2.51715408171102,TRUE,0.88533753638338
-0.730463416312393,FALSE,-0.0871033928528282
4.20778058824792,TRUE,1.05801343379159
4.99043004492709,TRUE,1.0117449345678
5.20746936996626,TRUE,1.08635112604511
0.325351959307236,FALSE,-0.363847803684896
3.97725223598519,TRUE,0.177806486040747
-0.35484312057196,FALSE,-0.580077879093483
-0.721933627034203,FALSE,-0.745976606646416
1.17283084678988,FALSE,-0.90753591459944
3.33456890717816,TRUE,0.233433250279231
3.80791032162799,TRUE,0.515402752153012
0.643830364488133,FALSE,-0.220813959032765
-2.07710194828731,FALSE,-0.375863625998239
-0.19711148872786,FALSE,-0.655757228325383
0.157572953968214,FALSE,-0.0769614291363184
2.11985284176772,FALSE,-0.883543985661244
4.31869304397223,TRUE,0.395334193491636
4.12016403897657,TRUE,0.830292995913355
-1.0997562630027,FALSE,-0.719600146007853
2.2733723087205,TRUE,0.348807699083783
-0.119796240458052,FALSE,-0.447088712781675
-0.787373940114933,FALSE,-0.414304807904276
3.80825995293636,TRUE,0.751955825245437
-1.97754583602946,FALSE,-1.4085872104273
-0.575798303118666,FALSE,-0.247739895945514
3.08217645731196,TRUE,0.680353401712409
4.29382133535167,TRUE,0.448039346233531
3.28843546823542,TRUE,0.704531000586142
3.43162107060559,TRUE,0.180610137179374
3.11314949668551,TRUE,0.956492049898791
4.23490784442371,TRUE,1.46006166911062
-0.955195360335263,FALSE,-0.910739760920354
-1.1339400976477,FALSE,-0.0920710799397373
4.12639771643118,TRUE,1.78336110314462
4.4102719428562,TRUE,1.20580952480662
1.12630831957585,FALSE,-0.136983228593607
3.95151165075455,TRUE,0.611786587895457
0.557232066642249,FALSE,-0.00959947931352617
4.12201020775176,TRUE,0.427619808795264
2.15462039951919,TRUE,0.124018518956302
-0.633642011376305,FALSE,-1.33558359177443
-1.50897294069305,FALSE,-0.115348691576287
-2.10077727955384,FALSE,-0.950375425769001
-2.919275070941,FALSE,-0.754157907072144
3.26382290381021,TRUE,0.0965309601604428
2.16147722761413,TRUE,0.214863485864622
4.07355081882002,TRUE,0.908711085271524
4.35179535388489,TRUE,2.34605815119851
2.30669032464055,TRUE,0.242170358493723
3.38943962839728,TRUE,0.335482275891767
-1.42582915975733,FALSE,-1.45917715672835
1.40327766455857,TRUE,0.271654578092284
-1.41475806312538,FALSE,-1.36971158711312
3.51168711871761,TRUE,1.47410017499776
-3.15650991942448,FALSE,-1.74705400176682
-1.38265609400832,FALSE,-1.76786153751917
-1.97432619482947,FALSE,-0.443143004239693
2.42079023401649,TRUE,0.0657502262073585
-1.2816101360917,FALSE,-0.385494075767222
4.23636954133798,TRUE,0.367787584657357
-0.9171280247145,FALSE,-1.09476526327917
3.55388699513499,TRUE,0.484139491385828
2.6618500550391,TRUE,0.453948901064732
2.84714614118125,TRUE,0.756429668451919
4.77932375253975,TRUE,1.42465339604513
3.81002273095947,TRUE,0.343665922763608
4.15707054930073,TRUE,0.600071388600604
-2.42593393644462,FALSE,-1.93545012680283
5.32957799696143,TRUE,1.61865355323513
2.90524619395068,TRUE,0.506832676483665
3.99937026895019,TRUE,0.684665036679947
-2.25856230027434,FALSE,-1.5797921253441
3.12449790798418,TRUE,0.276791249977656
3.6190413167561,TRUE,0.607674449487561
0.0941455517776992,FALSE,-0.695656716256641
2.37434986564621,TRUE,1.15698364185886
-0.384340915701021,FALSE,-0.236336746571785
0.863755346354123,TRUE,0.587300544412296
4.66977563894536,TRUE,0.385640307709824
4.54645759846755,TRUE,0.474426749047935
5.23290928954392,TRUE,0.704044684987995
3.69529717377434,TRUE,2.80271276141406
-0.936534693983854,FALSE,-0.193472778115415
2.8431027347678,TRUE,0.171047285727864
0.511133471138861,FALSE,-0.472670133394326
-0.595971955277831,FALSE,-0.607810662539217
-2.30641843241175,FALSE,-0.466629585554759
-1.93111620777282,FALSE,-0.708922250612952
6.0346417022152,TRUE,0.655131434315663
3.86802617410642,TRUE,0.876488591240333
3.64007109045878,TRUE,0.497992045533791
3.64567808735338,TRUE,0.660180009395213
3.75137298400378,TRUE,0.733786815685288
-1.55783441775454,FALSE,-0.471698781940132
1.02978164780759,FALSE,-0.356891273427885
-0.131293060197783,FALSE,-1.07151225498529
2.99144240472116,TRUE,0.48028841440137
2.55496941158279,TRUE,0.125082738523591
2.09183401143987,FALSE,-0.459361019496579
-1.72302866872031,FALSE,-0.0900314610380547
4.20818400110046,TRUE,0.489286648410636
-2.45529723498883,FALSE,-0.526446955563384
4.45790250401947,TRUE,0.490927410865067
4.13671337602143,TRUE,0.176743498592261
3.96882356936795,TRUE,0.627833953177864
4.16589175060956,TRUE,0.0917676386630845
-1.01239176060337,FALSE,-0.078742475638097
5.30890441532063,TRUE,2.38740970848271
4.60057980969548,TRUE,0.780285513205769
3.38981179854269,TRUE,0.532913216532963
-2.14482315879408,FALSE,-0.636091402906423
-1.22523142752352,FALSE,-1.10585137027703
-0.613849828370812,FALSE,-1.57409614867387
-0.75886523450942,FALSE,-0.178098474580273
-0.303916785107516,FALSE,-2.223573666656
-1.30341302208575,FALSE,-2.31367562970968
5.6785557902393,TRUE,2.22751426857142
-1.57698433407279,FALSE,-1.34223894491359
0.0571989001915222,FALSE,-0.811338624588351
-1.54331351196783,FALSE,-2.08020325525903
1.12394584408421,FALSE,-0.924668941460481
3.61568652462633,TRUE,0.958953824331376
0.597388892103906,FALSE,-1.19285995254312
4.49873447453037,TRUE,0.637082278941337
-1.8910555103102,FALSE,-1.47501428656676
0.447427102957782,FALSE,-2.45806076561976e-05
-1.80756037718391,FALSE,-1.34893586633484
0.672380190841941,FALSE,-0.655615066309156
0.0729509006419757,FALSE,-0.171704866785692
2.96481538195533,TRUE,1.60683769902021
-1.78910343054986,FALSE,-0.920076367264396
7.15109799384919,TRUE,2.31139678613081
4.58224431775298,TRUE,0.57703672572536
-0.493604579441753,FALSE,-0.273865601695908
5.04708677841108,TRUE,1.66885568738644
-1.51569854663144,FALSE,-0.550352150396475
2.38484895119438,TRUE,0.183911830049417
4.91494495658485,TRUE,0.962280479772298
6.03123280912199,TRUE,1.92901809785229
2.43921385555336,TRUE,0.133053046422958
3.2660780763764,TRUE,0.226907467953213
2.33311604488395,TRUE,1.33660140156784
4.84338649730767,TRUE,1.40760816918544
0.0427660580789692,FALSE,-0.201760909108249
-0.432501052154098,FALSE,-0.405339189086307
1.54662999342784,FALSE,-0.0235355606004551
3.13313840882677,TRUE,0.0490148274372666
-0.936880650133608,FALSE,-1.07077607383284
-0.348521390240027,FALSE,-1.00586768042664
-1.24432278256566,FALSE,-0.91781944903965
2.95452144743103,TRUE,0.431552690351704
5.44198201647827,TRUE,1.6682217214551
3.26016596349916,TRUE,0.438507128125793
1.06956905299868,TRUE,0.761222976014328
-0.956235300729268,FALSE,-0.307033357188222
-3.85278768765525,FALSE,-2.92815508284085
4.67988418855925,TRUE,0.136256014055353
4.4235928720598,TRUE,0.897161777564515
5.13415176401024,TRUE,0.918659507221677
-1.05449582219335,FALSE,-1.29974002290481
2.97099090445719,TRUE,0.229481623045725
0.373076127522921,FALSE,-1.14853220098853
1.93884902035479,TRUE,0.36275035880628
5.31450974306216,TRUE,1.35062204993159
3.44650965972016,TRUE,1.20194897346679
4.13907052576156,TRUE,0.182527214013856
4.47508171149403,TRUE,0.41792087077946
-0.948331106977925,FALSE,-0.179254325258254
2.63636929501485,TRUE,0.979109365992288
0.310063403998096,FALSE,-0.359780191222075
-3.76124500102243,FALSE,-3.57858751433008
3.80911532005736,TRUE,0.169097831009089
3.51359322642722,TRUE,0.727857591319944
1.26458613836553,TRUE,0.553816086169365
0.510411799146207,FALSE,-0.630747201809673
-0.338804187394938,FALSE,-0.0275803073215701
5.1846822001436,TRUE,1.41099183344454
-2.68609493950038,FALSE,-1.67140851415899
2.45380761848142,TRUE,0.401193030406147
1.60357692658643,FALSE,-0.0445089400219138
0.634756760491108,FALSE,-0.712370358111113
3.35811032364613,TRUE,0.995882046120509
-0.144196688813826,FALSE,-1.04149913058127
5.68726918531135,TRUE,1.55891047918928
2.97321087276206,TRUE,0.170081070686155
0.280161028795472,FALSE,-0.29332797472376
4.14640010605697,TRUE,1.28447211014018
4.2391383499887,TRUE,0.400558357238762
0.0175408401134256,FALSE,-0.768367683612317
-1.85355156493536,FALSE,-2.01160914083574
-1.26347315605499,FALSE,-0.329272924573192
2.90598474558074,TRUE,0.568567656554155
3.03474223637221,TRUE,0.42404412124084
0.106661313674926,FALSE,-0.68696057331573
-0.646174014678605,FALSE,-0.445417489307106
0.78694881969892,FALSE,-0.299123918155841
-2.72609845435381,FALSE,-0.910509399861693
2.59865144733111,TRUE,1.24640705832388
5.1986863418475,TRUE,1.38763312566287
5.19429393925519,TRUE,1.67038645947262
-1.65405039090193,FALSE,-1.25315541475758
2.42655223882265,TRUE,0.78933093712184
2.35753333599598,TRUE,0.363641409915542
4.24446366449892,TRUE,0.720340145786685
-2.20862184194821,FALSE,-0.763795727353303
-0.930725287031534,FALSE,-0.134668955673277
-1.47317162151158,FALSE,-1.11181735812515
4.51911574739648,TRUE,0.0722435790270524
-0.902105134416053,FALSE,-0.876626327313403
1.35795412999987,FALSE,-0.314481269119955
-2.59475365664656,FALSE,-1.17724066604713
5.34532454925422,TRUE,0.786093755052443
3.07573143893738,TRUE,0.284880182083519
2.9050942105621,TRUE,1.13192315380846
3.30181263752475,TRUE,0.845813406315792
-0.913616824105991,FALSE,-0.49359145483481
-1.37265028194662,FALSE,-1.44242107759445
1.92317302456497,TRUE,0.217168782590226
2.83783933380126,TRUE,0.464982357939599
-1.80856309696589,FALSE,-1.82198575922418
-0.74946868645984,FALSE,-1.16577311789511
2.95259882447784,TRUE,0.447436988262045
0.315300367653659,FALSE,-0.112774384380041
0.602312197424812,FALSE,-0.159306939517919
3.80678298740808,TRUE,0.015190973674872
-0.8779216680874,FALSE,-0.405653131452307
4.63693139277142,TRUE,1.5759297550938
-0.679899300251232,FALSE,-0.395771848346196
-0.821479107061196,FALSE,-0.226121378728011
4.16131766644431,TRUE,0.0278618407404743
3.69280276067137,TRUE,0.551191869565206
3.73856820283981,TRUE,1.80555985243298
3.91727624298434,TRUE,1.21973636525681
-1.81532618419116,FALSE,-1.19546704467658
-3.56576626633531,FALSE,-2.01212442776448
5.92635442734327,TRUE,1.94768118792937
0.392119076981467,FALSE,-0.372020667395494
5.47497348591576,TRUE,1.78020464161948
6.13970269636252,TRUE,2.70111894265933
3.12021722763555,TRUE,0.216859747853297
-0.262308700574942,FALSE,-0.295627523483119
-1.25941860364302,FALSE,-1.35758313300418
-0.970004058930324,FALSE,-0.607073602074446
-2.26970605365602,FALSE,-1.94386951682272
3.53564690401836,TRUE,0.786459609902304
-2.70839458454422,FALSE,-1.59825377866516
-1.20915483415846,FALSE,-0.227130941419709
-2.21119501340894,FALSE,-0.530267116373368
2.97381744330638,TRUE,0.191217420150925
-0.249747728311519,FALSE,-0.559214465699588
4.2967323611126,TRUE,0.358527396988639
3.39460897258572,TRUE,1.22600518801459
6.56475006126649,TRUE,1.37816620169284
-0.348038248510775,FALSE,-1.26456537575093
-3.07993698288822,FALSE,-1.56512137051363
4.09180566552319,TRUE,2.01886359964577
0.421705626494002,FALSE,-0.236196540333785
1.70129772755382,FALSE,-0.518177748986939
0.100035817277614,FALSE,-0.299293922989526
3.56543975347516,TRUE,0.67181824145408
3.2789637072591,TRUE,1.02899206040985
4.78684151065252,TRUE,1.94656877314715
3.98418908328356,TRUE,0.781362710166928
1.89436511348811,TRUE,0.215852942185026
3.09548225425572,TRUE,0.451141430077675
4.97986683863957,TRUE,1.38084931336745
-2.22760792469455,FALSE,-0.329727524644357
-0.617823023386214,FALSE,-0.242789500826088
-0.0891966795586385,FALSE,-0.906872286080186
4.25047297927437,TRUE,0.402275119112884
-0.149175070096695,FALSE,-0.651742616688874
2.00875310343827,FALSE,-0.272224023627837
-0.271637205681464,FALSE,-0.26597482832196
1.19205500206395,FALSE,-0.216997797306863
4.29905999521206,TRUE,0.810870385908647
3.93814382921117,TRUE,0.787283125756717
-1.08833840362313,FALSE,-0.52801283979854
-0.696246103779766,FALSE,-1.31476471853626
-1.29254533034852,FALSE,-0.938213317704762
-1.88142519349207,FALSE,-0.74111557689579
-1.67590527715915,FALSE,-0.212368188622563
0.764174920078628,FALSE,-0.0760138856682673
-0.79576053743471,FALSE,-0.0636710548370147
3.95985663712227,TRUE,0.810894676585918
5.16377231060475,TRUE,1.5687270285439
-3.78588627714608,FALSE,-1.72883829271955
3.40498753644153,TRUE,0.465255956433012
-2.26888398670255,FALSE,-2.40124138949941
1.11425233548297,FALSE,-0.0524876424336974
-2.40113684193838,FALSE,-0.193465240285633
3.97426646235655,TRUE,0.535672639086454
5.22831953809918,TRUE,0.82614065939921
4.63591719802588,TRUE,0.888818151269442
5.91065770654929,TRUE,2.41800969584076
3.54575720301596,TRUE,0.425021454560007
-0.759855238558612,FALSE,-0.389226958426018
0.595499279588183,FALSE,-1.32111786104044
6.89883766660187,TRUE,1.97679654708251
-1.99212244967768,FALSE,-1.00111598376615
4.64624892471874,TRUE,1.60929519257938
2.46882632524805,TRUE,0.171808446424678
-0.532052334956011,FALSE,-0.348382099141417
-0.0832846254647271,FALSE,-0.922298194219102
-0.324134739429183,FALSE,-0.0833342286323586
5.15468144830916,TRUE,1.88558060125151
-1.6788547190057,FALSE,-1.39699737655818
2.69477885023268,TRUE,1.06649939299873
2.98040587276412,TRUE,0.386731320368417
4.63452525868973,TRUE,0.0846012240437154
-0.0485838064164677,FALSE,-0.236546469363677
3.8322338654631,TRUE,0.946928588344095
4.32582751679014,TRUE,0.40419693213677
-0.328890384248461,FALSE,-0.223339174023969
4.05197199423762,TRUE,0.00941862039301463
3.99117357319561,TRUE,0.503644813843678
-0.71714698958443,FALSE,-1.49499571561368
4.1679042195307,TRUE,1.66028703415965
-0.306214110921297,FALSE,-1.06367448511635
2.82069139286541,TRUE,0.654376671629464
-2.16895911095005,FALSE,-2.67346966111279
-0.458554794539932,FALSE,-0.387593668755968
4.17447245960818,TRUE,0.677244538972582
3.06589779254482,TRUE,0.0605003640026004
1.03674079452268,FALSE,-0.0539800757319096
3.31881701379931,TRUE,0.339240609918869
-0.385902743756398,FALSE,-0.395785387897344
6.35916719074381,TRUE,1.14622759385264
5.08939563352293,TRUE,1.36797219457028
-1.65953168885064,FALSE,-1.58192214843736
4.12924849271609,TRUE,0.692256384594647
3.88967172177082,TRUE,1.05915691115158
-1.80127575053021,FALSE,-0.951660764382177
5.40076212723529,TRUE,1.27919176564479
4.21076335844587,TRUE,1.46232197573523
4.41456126697098,TRUE,0.560786878144028
2.82177125136913,TRUE,0.439683766476867
-0.307455543246978,FALSE,-0.268950655316017
-1.30442186583073,FALSE,-0.692326946230528
1.96467063817561,TRUE,0.503529856738439
-1.78872591875988,FALSE,-0.67003315555785
3.30189764457947,TRUE,0.0945142436219836
2.65873358694821,TRUE,0.0508570274175921
2.73452868428505,TRUE,1.22994880904861
0.576577002724004,FALSE,-0.226490708238671
-0.253867642895323,FALSE,-1.67591977131567
2.10990706959297,TRUE,1.45992687244112
-1.75210211012121,FALSE,-0.944218607809686
5.64683925707934,TRUE,2.92640089665602
3.00198976438153,TRUE,0.843273260455307
4.98526315277147,TRUE,0.705489279474135
3.12033570939635,TRUE,0.400611739448952
-1.61244775364999,FALSE,-1.04775623837976
5.58525455239295,TRUE,1.04128868680463
3.13439510219405,FALSE,-0.00126311793563512
5.84655501855656,TRUE,0.281891710235843
0.171039699535726,FALSE,-0.549456241673904
0.38509420398141,FALSE,-0.782672146353408
0.0670949495420827,FALSE,-0.0505477244414431
-1.26073464856026,FALSE,-1.71289679773131
3.78744175827874,TRUE,0.396809447367108
2.91246905144252,TRUE,1.55273852201873
-1.22010541931064,FALSE,-0.859533464973344
-0.763868179926175,FALSE,-0.79380186861834
2.45101322344551,TRUE,0.0784092008654689
-0.877035041394819,FALSE,-0.287182461183358
4.82915088718297,TRUE,1.85977321562245
-0.0702696598954389,FALSE,-1.35666098211382
-1.44035756809351,FALSE,-0.824295917055077
-1.37987138027221,FALSE,-0.0478915938714356
-1.43727468795798,FALSE,-1.3562496042488
5.10657237844573,TRUE,0.781491401205638
4.68022233970998,TRUE,0.524015763009968
4.35844744846233,TRUE,0.666509907190122
-0.944291722024531,FALSE,-0.0941188377266365
-1.08035686756929,FALSE,-0.147088306137437
-0.751691450640569,FALSE,-0.650006687184936
-1.20034426316819,FALSE,-0.190492641147169
2.43942090464864,TRUE,0.517361199355601
3.71044444275074,TRUE,0.48538763685121
4.26209094335264,TRUE,0.051862016452715
0.0795497180664866,FALSE,-1.19072991615703
-0.0300841207267337,FALSE,-0.640344396520217
-3.62707800294094,FALSE,-2.56076696299702
5.22883999716625,TRUE,1.20856405167404
3.03634600578694,TRUE,0.262505999007689
3.77136867017807,TRUE,1.06127572387183
-0.468085860351777,FALSE,-0.706875622163786
4.52561321673057,TRUE,0.210935923024227
-0.202233479290175,FALSE,-0.347090613274191
2.20772861810395,TRUE,0.80840851562605
-3.72760385134822,FALSE,-2.64715952081874
4.75617938618401,TRUE,2.0977351172376
-0.383209803720356,FALSE,-0.586752640114552
4.16111197840283,TRUE,0.727461953931179
-0.797728784300547,FALSE,-1.6119518982985
4.27571994557156,TRUE,1.99773590405155
-0.630478868577343,FALSE,-0.382983803978953
4.01702999824685,TRUE,1.65511687092582
-0.849864949204301,FALSE,-1.42574482770247
-0.756407535059584,FALSE,-1.71255385657087
-0.693142528280486,FALSE,-1.77495088570663
-0.48336977802491,FALSE,-0.437554710117625
0.38955548988732,FALSE,-0.63008053730542
-0.432399567555585,FALSE,-1.28804405745716
-2.08578368777001,FALSE,-0.835392983016069
-0.879390495141007,FALSE,-1.90287878921589
4.77934229064695,TRUE,1.7229128531723
3.79087618313602,TRUE,0.972872470783756
-1.43067998966772,FALSE,-1.13278784749046
-1.04768915205786,FALSE,-2.91058397296656
-1.08660941416588,FALSE,-0.619316607154592
-1.5515596070882,FALSE,-0.86938961465398
-1.28367593550047,FALSE,-0.504462374915463
3.29168258196142,TRUE,0.263231737674885
5.35827955622132,TRUE,0.640184751500881
-0.407730393694986,FALSE,-0.894230040426632
-0.10507294574121,FALSE,-0.401675346646324
5.65317218580206,TRUE,1.35295542622706
1.34862003215315,TRUE,0.242754546803157
3.97301571011418,TRUE,0.540781563184886
0.726129486104508,FALSE,-0.0764306875297626
3.8251763557989,TRUE,1.52328325733942
-0.413518104370274,FALSE,-0.359020564372826
4.63537201459491,TRUE,0.627882815291088
5.99148942600563,TRUE,1.10182300850098
-0.53559410426798,FALSE,-0.436661053506526
0.13846676443004,FALSE,-0.277541759458298
-3.67589343207439,FALSE,-0.900487824048426
5.1987515110009,TRUE,0.806324288224291
3.71805470576981,TRUE,0.326794918755293
-1.13307052972044,FALSE,-0.724596072478327
2.7471082412207,TRUE,0.882364213132654
4.39424728920013,TRUE,1.04823347645836
3.19664334832911,TRUE,0.320912576448601
-2.19672576986385,FALSE,-1.52793369091388
4.05464993768677,TRUE,0.599260529451151
5.73910258376418,TRUE,0.160564560067665
3.07374093552479,TRUE,1.28560312074633
-2.14216088275213,FALSE,-1.41557992864653
0.123866424901132,FALSE,-0.0520030240064777
3.92488329548406,TRUE,1.59320389550055
1.20680966129067,FALSE,-0.0394061617387115
1.62208601702102,FALSE,-0.0315274219035321
4.37398545397037,TRUE,0.564534523327995
-1.40703012380211,FALSE,-1.34862174289244
0.375363898999891,FALSE,-0.470525923786488
4.80182003369624,TRUE,0.414958902729623
3.38853468913354,TRUE,0.209466494190715
0.516571025411396,FALSE,-0.295753884848104
1.91468638685213,TRUE,0.0289572515451744
3.70833799301888,TRUE,0.405374089085213
-0.793373869813169,FALSE,-1.53700357275317
0.963416434756458,FALSE,-0.039340921836113
2.70239758693856,TRUE,0.545651594490575
3.85715170978701,TRUE,0.970785361924292
-1.36537698619977,FALSE,-1.44125285688214
-2.39025007388285,FALSE,-1.75176402351295
0.432842174852012,FALSE,-0.156861068225323
-0.695193936257905,FALSE,-0.401363079634885
3.8163225269024,TRUE,0.384653184816063
-2.3728501169025,FALSE,-1.9431038905085
3.86579896875989,TRUE,0.654545362272478
1.06875285260803,FALSE,-0.697100616685306
-0.13477396942477,FALSE,-0.926535147662366
-1.57910155502681,FALSE,-1.19749419434126
3.80105655804385,TRUE,0.433152605584765
3.30073258770186,TRUE,0.411782554677397
3.97785525339967,TRUE,0.996062594854691
-0.664704369960252,FALSE,-1.11222205901529
4.34105653512922,TRUE,0.710693699922284
-0.997371235579135,FALSE,-0.124163905147281
4.60756640710979,TRUE,1.24025669809721
0.0640117613422343,FALSE,-0.725603151459386
0.457608124943244,FALSE,-0.00779955043053853
2.61021712609764,TRUE,0.816182389603062
2.9303471244439,TRUE,0.514608679702642
5.54621390527048,TRUE,1.60622406883087
-0.848631604581212,FALSE,-0.70867039094259
1.70840262627301,TRUE,0.696077281996265
5.41488658153557,TRUE,1.14567218004013
-2.03155006092159,FALSE,-1.5431874391163
-2.36933892582024,FALSE,-0.229084555298339
-1.2358129634331,FALSE,-0.661017586201624
4.5174008759647,TRUE,1.93565528214283
3.41850997518503,TRUE,0.23127063061129
2.38598055332062,TRUE,0.565090523828156
3.73652360921994,TRUE,0.297141191404194
4.60884346469362,TRUE,0.981927090523914
4.33300211018558,TRUE,1.33379812481887
-0.39558174323988,FALSE,-0.228491133687322
-1.23739613305553,FALSE,-0.177053799084853
3.2251268806296,TRUE,0.355187655548467
-0.0556726214402257,FALSE,-0.443815916075415
-0.674278561869947,FALSE,-0.281259013540632
-1.40307988213571,FALSE,-2.20690976975305
3.48750216514341,TRUE,0.474271634092154
-1.95426534966648,FALSE,-0.267404373149894
4.01604801113984,TRUE,2.2016202944989
-0.66263759267654,FALSE,-0.88839334649202
-0.195278730999349,FALSE,-0.444898718400825
-0.811513231095625,FALSE,-1.1913991978962
-0.0357017805539718,FALSE,-0.0689095746875664
-0.319877980486187,FALSE,-0.138682172535932
0.114498488828497,FALSE,-0.79616098463084
4.09869258932406,TRUE,0.57388572626681
2.20672737401494,TRUE,0.00249019296966975
2.84974534594928,TRUE,0.784387844243588
4.44814727965691,TRUE,1.30737017567606
4.46969964164168,TRUE,0.655418083720707
5.20137678011844,TRUE,1.28391199422323
1.40848219664365,FALSE,-0.381796235179938
2.87880579185797,TRUE,0.604080311734019
-1.19007696274144,FALSE,-0.825064566426716
1.8982124966716,TRUE,0.023327668346607
-2.52568597083306,FALSE,-0.802118676903294
0.221265287253206,FALSE,-0.276790726978085
-1.26435809314416,FALSE,-0.123497216855466
5.0071987847625,TRUE,1.33078146419438
-0.244672616358991,FALSE,-0.0448365966084401
3.41598653716777,TRUE,0.272877169316684
5.3151705858664,TRUE,1.78243644931338
2.79946204193501,TRUE,0.361029174854139
4.92520247019374,TRUE,1.08884941819979
-0.757503493308347,FALSE,-0.646499555738709
0.479441828149715,FALSE,-0.776275931078243
4.7876241849917,TRUE,1.51343390042384
0.565468081084833,FALSE,-0.290777321771192
-2.64028278084355,FALSE,-2.26522668199094
4.38793520359893,TRUE,1.1355079509596
-2.55487710864432,FALSE,-1.40115000771276
5.65612749141988,TRUE,0.630143172320262
3.23215177000287,TRUE,0.357984891864101
3.52699184502062,TRUE,1.43082022796983
2.11255673859687,TRUE,0.120636913306555
2.1070545242265,TRUE,0.502348295754328
-1.58293055185409,FALSE,-1.32078159525963
4.52093273136263,TRUE,1.12573357255084
-1.56727092176192,FALSE,-0.259799195896085
3.56114642533402,TRUE,1.73061130398954
3.37715694784333,TRUE,0.211731033805863
-1.57121653530817,FALSE,-1.41691497109254
2.12641451093386,FALSE,-0.482208838235037
4.3890560909031,TRUE,0.610706208590142
-1.97150719537218,FALSE,-0.112995637309813
-1.56707124762351,FALSE,-1.32898400979685
0.928384980794836,FALSE,-0.135956600427197
-1.9552647461103,FALSE,-0.917102210296096
-2.18190430437663,FALSE,-1.79294088411924
3.35519840754894,TRUE,0.736909832532503
-3.31508661432917,FALSE,-1.68883568991458
-3.8315249795065,FALSE,-1.71426528814003
3.33334134842579,TRUE,0.928215744018823
3.16570765415354,TRUE,0.115498848465761
-0.115073805000305,FALSE,-0.319430417680649
-2.53286056720023,FALSE,-0.982393980032725
3.28407663952803,TRUE,0.736149267007439
3.66893602694808,TRUE,0.913070814031996
-3.80880081944135,FALSE,-1.87459892713574
4.13747549847545,TRUE,2.12424752789386
0.449679198576809,FALSE,-0.522898371895064
3.85479447444329,TRUE,0.236650101011875
3.28741415648802,TRUE,0.544279294095883
5.06010721933764,TRUE,1.53255302610802
-3.96063190445692,FALSE,-0.948695750883196
0.644580568596777,FALSE,-0.199558891961533
3.25837462145031,TRUE,0.151548306397063
4.889670764363,TRUE,1.15146339161984
6.11616623855351,TRUE,2.47120535097106
4.66835906913359,TRUE,0.000710605928678733
4.07582488231391,TRUE,0.674544264390994
-0.540247796662724,FALSE,-0.884914532038707
3.90299229820861,TRUE,0.369452324966012
-0.959294830314622,FALSE,-0.722636635860294
5.8287978994845,TRUE,2.08007681876914
4.85362919156415,TRUE,0.177877682773544
3.57589234941294,TRUE,1.57865183300291
-0.738467856642296,FALSE,-0.159230708670112
-0.129864508953854,FALSE,-0.406836910650029
4.07625195387588,TRUE,0.0441309541750992
-1.65120783267006,FALSE,-1.17155488206353
-0.835585265705053,FALSE,-1.24666154326109
3.47664982850092,TRUE,0.297731521304869
1.49811273891034,TRUE,0.307381871670521
4.70017376531711,TRUE,0.657343074608536
3.54391933885058,TRUE,1.1785599842762
-0.700251729805555,FALSE,-0.640120226882537
-3.07830612572241,FALSE,-1.34146764911032
1.42081941611407,FALSE,-0.40632846640436
-1.07456007983791,FALSE,-0.322617819853222
2.98403311183632,TRUE,0.675024345034075
0.0259468963650683,FALSE,-0.294404112729847
-1.05857775971639,FALSE,-0.444169237845169
2.32359348390545,TRUE,0.109919170011993
-0.833197489533245,FALSE,-1.10298497519322
2.44713487709823,TRUE,1.22636043332993
-0.477293069320727,FALSE,-1.47235313275242
0.0530026641340628,FALSE,-0.632682608425542
1.09003575602307,FALSE,-0.476040822734856
-0.509971735144751,FALSE,-0.754971606341087
1.67350564524115,TRUE,0.731829131454196
0.473319762161252,FALSE,-0.0467139123631823
-3.18095891551552,FALSE,-2.49358101464742
3.11737113945313,TRUE,0.376948902827772
5.1938477524256,TRUE,1.61153224077704
-1.22363434708539,FALSE,-0.256647264035091
4.89475926674715,TRUE,1.42526382484248
4.23460560363911,TRUE,0.77415369770404
-1.24602989575532,FALSE,-0.407890952290778
-0.299346738058946,FALSE,-0.420367963421383
-1.4465711505835,FALSE,-1.01895427242483
2.90247580540328,TRUE,0.182642627245013
-2.51024168894291,FALSE,-1.41139180870816
2.33128095203612,TRUE,0.797320181705999
2.44157375197308,TRUE,0.0404211403956431
3.41789988886725,TRUE,0.744664764897271
1.17122419022023,FALSE,-0.533886170927367
3.25467810365319,TRUE,1.39749952367185
3.74927230482892,TRUE,0.209111750845767
0.0488364330102203,FALSE,-0.58542831447516
-1.43397728556303,FALSE,-0.986197605410209
-2.1712939016442,FALSE,-1.33691640867336
2.59087447721974,TRUE,0.908168693660534
-0.594390125917889,FALSE,-1.34019213084449
5.73421209940957,TRUE,2.13427944446998
5.722565326907,TRUE,0.743547662084564
4.05504606212027,TRUE,1.63569313528225
5.62828723057437,TRUE,1.62528102024192
4.27631378626685,TRUE,0.896314694105352
-1.60264277098583,FALSE,-0.402273390397341
-0.695982202791285,FALSE,-0.734543327165117
7.26306744301385,TRUE,2.28026833286489
4.18531365045637,TRUE,0.136532728954032
0.0231331581185376,FALSE,-0.742557683642732
-1.64889888096809,FALSE,-0.586708756267723
-1.76226155264862,FALSE,-2.0772262254441
-0.733072938684339,FALSE,-0.207651018043298
5.77159331100046,TRUE,1.54879530459661
5.47751204046257,TRUE,1.41075592802771
3.51818616865736,TRUE,0.145943833158638
2.03887738255413,TRUE,0.312320904862579
-0.203206285787192,FALSE,-1.10542523786911
-1.28883112470504,FALSE,-0.29241151191225
4.92849895176187,TRUE,1.72505023628185
6.64117156401319,TRUE,2.25251395943058
5.28241691231422,TRUE,1.25983172038254
-0.419884120869514,FALSE,-0.430877974677416
2.16013168526837,FALSE,-0.308220935132092
2.80470988788602,TRUE,0.429225643669156
-2.23396159451604,FALSE,-1.29660238893275
-0.428150148276998,FALSE,-0.148793356977678
6.3477170945865,TRUE,2.62170021608689
-2.26863287180055,FALSE,-1.98382281918972
4.30078474826581,TRUE,0.0950651902078681
-0.108970683946073,FALSE,-0.158242884657266
-0.0271760668450436,FALSE,-0.426910225241007
3.82548687486239,TRUE,0.442470066455241
4.66142912203192,TRUE,0.580854476368768
-2.2807599078318,FALSE,-0.167898615584551
3.84612793658353,TRUE,2.01078098232857
5.79010952963955,TRUE,0.62092111435086
-1.60837993761276,FALSE,-1.30406602896185
-2.06424131755547,FALSE,-1.3255988294171
3.45701246755639,TRUE,0.301891894236965
3.53910910852791,TRUE,0.237330753847933
0.39945186573023,FALSE,-0.330415471347287
4.02066251899987,TRUE,0.922770283027956
-1.14359644910476,FALSE,-0.643061661345139
-1.515182327431,FALSE,-0.988697747482972
4.25406285936164,TRUE,0.770266956024625
4.39229031863548,TRUE,0.315053903425797
3.24588585322214,TRUE,0.840142232143299
5.97695904181068,TRUE,0.647816694966624
5.17904118717335,TRUE,0.914201217428922
4.29917525091126,TRUE,0.824829374615675
6.17190059644304,TRUE,2.14536340826465
-1.84916391827552,FALSE,-1.25266369678029
0.42463798213921,FALSE,-0.376403918841111
-1.35574803978969,FALSE,-0.448425892414951
-1.64568671317672,FALSE,-0.261452121634275
4.55157479045082,TRUE,1.55461176003929
-0.53463901279617,FALSE,-0.284250079506682
2.96389916259576,TRUE,0.0225224899656802
-0.810127627044876,FALSE,-0.993187576722359
3.59814355001876,TRUE,0.409102474633918
-1.62068761438324,FALSE,-0.923445262748522
-3.00940300228752,FALSE,-1.90875667348051
-0.264798531588314,FALSE,-0.389930193881796
4.82891326474671,TRUE,0.930881232141013
2.45671443003895,TRUE,0.751182044281106
2.51526987777539,TRUE,0.0772730658547103
-1.25551837961269,FALSE,-1.12856935851034
-1.09293238695427,FALSE,-0.950562713984124
0.323107777044846,FALSE,-0.12336240522649
3.08198125535021,TRUE,0.728779478379091
2.90421448947437,TRUE,0.685569470949821
4.27804091446614,TRUE,1.19432727522295
4.80153970607127,TRUE,0.716175724634585
2.11467784050037,TRUE,0.447543419026032
-0.386636898798766,FALSE,-0.0624660686339934
1.17141554092701,FALSE,-0.864739680302314
-2.29425856077516,FALSE,-1.1862755124785
2.7799689635469,TRUE,0.865904923718922
5.49535810919908,TRUE,1.73495043698439
2.28805175023098,TRUE,0.440697822880016
-1.76349687822914,FALSE,-1.79930489552328
-0.170302699354596,FALSE,-0.450301254126919
2.67042656732614,TRUE,0.200365503379333
-1.26340516414973,FALSE,-2.48826737325026
3.43287333057784,TRUE,0.25156133976469
4.56446212735172,TRUE,0.550199525960782
0.545209275195394,FALSE,-0.86751255270606
5.08580209224082,TRUE,0.313786511326273
-0.558046122794386,FALSE,-1.70800395415863
4.55576863680403,TRUE,0.0200514259363533
2.1964841171029,TRUE,0.510380759149608
-0.343882500832975,FALSE,-0.0696986675956761
-1.37917362713443,FALSE,-0.484630011174145
4.20779988147621,TRUE,1.70413797581703
-2.06519435059078,FALSE,-1.5372672992329
-0.292699800309291,FALSE,-0.301587829021573
-3.09496572950986,FALSE,-0.941810305540635
4.73669616068485,TRUE,1.19870778999553
5.35096860541792,TRUE,0.944947401005157
-1.47586853765811,FALSE,-0.638547984521447
-2.55270795966133,FALSE,-0.826538805055041
3.43877017456697,TRUE,0.338231208425416
3.67524890288165,TRUE,0.0222458128109534
5.02099724119573,TRUE,1.9857249911841
5.4256637958409,TRUE,0.130019702716891
4.96495219888179,TRUE,0.834718272165094
0.259236717819417,FALSE,-0.0459852172828263
-1.05727006565682,FALSE,-2.41242520016095
3.86260638087004,TRUE,0.305082459213474
-2.92029107081123,FALSE,-2.35186166498786
-0.822455869736285,FALSE,-0.496562479008922
0.0841977506223008,FALSE,-1.77415677109905
4.74323104867265,TRUE,0.46202328199804
5.5872754369707,TRUE,1.78294706078675
-2.26642642208118,FALSE,-1.13033741662088
4.61835490955831,TRUE,0.451018235907664
3.13493052164636,TRUE,0.79953898761826
-0.629835545553767,FALSE,-0.8299279049151
2.04684404756265,TRUE,0.331444878429016
5.43102478126685,TRUE,0.808941487421772
2.68113116490487,TRUE,0.250379752280811
-1.5876330926148,FALSE,-1.77308070350297
2.30856818633246,TRUE,1.11931538106127
3.99837865226516,TRUE,1.48580712662108
-1.62321976295561,FALSE,-1.76798804630757
0.534921079554696,FALSE,-0.918329617655729
3.21999614155928,TRUE,0.551041153945534
-0.776065533245494,FALSE,-1.39050697175196
2.83701789105938,TRUE,0.2516788773676
2.43649787552764,TRUE,0.348521345961708
-2.49276573461727,FALSE,-1.67031645839996
-0.699071224428923,FALSE,-1.53153867628182
4.60758737647607,TRUE,0.632535708256253
2.80403185064298,TRUE,0.11093143178006
5.21933692846572,TRUE,0.933513965083972
0.68851075244775,TRUE,0.0939107124732635
-1.26163852788801,FALSE,-0.0871356129773862
5.60808157496911,TRUE,0.947276399092084
-0.198104471562485,FALSE,-1.50974700843973
5.19700052552851,TRUE,0.70709734565428
-0.900826496768898,FALSE,-0.880764508559802
4.00238071877444,TRUE,1.07144079003951
0.69432931937149,FALSE,-0.0343271687872103
4.96568960944296,TRUE,0.982798489249912
-0.749334075390611,FALSE,-0.310525842320758
3.48037997519453,TRUE,1.02209521833798
-0.786123121241693,FALSE,-2.20232337724727
-1.39285496879804,FALSE,-0.179329856528246
-1.56588068400035,FALSE,-0.897762658631313
-0.576697490980863,FALSE,-0.164343886023919
3.06401065270918,TRUE,1.85520452615952
3.61159938003705,TRUE,0.201244504726397
6.2773535570771,TRUE,1.03516321831863
2.56525143881206,TRUE,0.43057587697778
-0.92291670540088,FALSE,-0.696308504702567
4.13979127354552,TRUE,0.495666487506425
1.31183747235559,TRUE,0.331386159165655
-1.14680497462491,FALSE,-0.444830648411507
3.06315401165156,TRUE,0.814873891070859
2.75895354486237,TRUE,1.02790139560537
3.61370217295021,TRUE,1.27446934459554
3.16543670738915,TRUE,0.147791524891935
3.34261239184866,TRUE,1.00891828691788
5.15863460493375,TRUE,1.32245018596266
4.70697447329434,TRUE,0.75161707557105
3.81489455366632,TRUE,0.159514852360651
4.86584540254905,TRUE,0.330299408633879
3.56878149826712,TRUE,0.677385478973662
-0.344631050592465,FALSE,-0.311053853099306
4.23420283384391,TRUE,0.398792198313419
2.4893088475452,TRUE,0.496571727216999
4.20055249020379,TRUE,0.854047792147238
2.15674858272132,TRUE,0.366094185925521
-1.10627543692295,FALSE,-0.0320135049160193
-2.51785262082346,FALSE,-1.02088138517899
5.29758860081086,TRUE,1.72900948370946
0.820580590860151,FALSE,-0.484474398650718
-0.795429253106835,FALSE,-1.42739869942162
2.57475720338051,TRUE,0.0458619830342941
-1.57190207515242,FALSE,-1.10163555029961
3.79725752754912,TRUE,0.0731285023557943
-0.766175352285789,FALSE,-0.190713939870099
-1.95152804167711,FALSE,-0.693568947517055
-1.63250757789819,FALSE,-0.510074480500989
-3.74482247862971,FALSE,-1.69947820027919
-2.02109118367269,FALSE,-0.551893962247857
-0.14803577225463,FALSE,-0.516153093965128
-0.429825717140677,FALSE,-0.782483898064938
2.94246237680481,TRUE,0.410511219156806
1.55624078555984,TRUE,0.198466340330894
4.42818238717809,TRUE,1.02423210723985
3.05021441026691,TRUE,1.0653624714068
-2.3233836650984,FALSE,-1.70464649881842
-1.45000993617106,FALSE,-0.312827575361754
1.17782232933313,FALSE,-0.657020157755669
5.57040022458988,TRUE,2.40401045249271
0.875214208992582,FALSE,-0.0857150072736366
-0.284614613135357,FALSE,-0.583103249393478
0.236166046408258,FALSE,-1.15493607598989
-0.0532423319000695,FALSE,-0.278246639566529
-2.24236371356037,FALSE,-0.99678400222829
2.72722525755461,TRUE,0.436512668423308
4.15505442636374,TRUE,0.0330148546372643
3.20366404459613,TRUE,0.110682120887614
3.5713553672139,TRUE,1.07651988446986
-1.75658554298777,FALSE,-1.66151188058549
0.11667814677984,FALSE,-0.611170634453148
1.58495792169071,FALSE,-0.0605403175916218
-0.376650355586919,FALSE,-1.56738977761265
3.75984117734407,TRUE,0.341406971620346
2.18807754370591,TRUE,0.211544271924524
4.35811773613258,TRUE,0.560982269701477
4.08094942813119,TRUE,0.905305799398845
3.3741851624462,TRUE,0.162849070883702
2.72355616579417,TRUE,0.367419644515995
3.42379250213746,TRUE,0.553515442257127
-1.7025174315719,FALSE,-1.44802918746178
2.45965304225928,TRUE,0.0260248291521648
-3.06179888549447,FALSE,-0.495816343417567
0.464132177014682,FALSE,-0.336004157942694
-0.38232134621812,FALSE,-0.920707240941383
2.72829651366077,TRUE,0.509684276253733
-1.03217679387307,FALSE,-1.3108177984707
-0.628120984746307,FALSE,-0.422786347592889
5.04997823342818,TRUE,0.133544360735178
0.483562471677557,FALSE,-0.659107661075872
3.83652262192377,TRUE,0.717843610959879
2.84430939228543,TRUE,0.155655584170897
4.13691375964257,TRUE,0.884092871145981
1.19735426006704,FALSE,-0.36012144136466
4.96613864752955,TRUE,1.74903418673996
5.26646702554184,TRUE,1.56436366377158
0.718028052613801,FALSE,-0.176497544646161
-0.752989831983603,FALSE,-0.172300239392948
2.07708135229118,TRUE,0.518515482542422
-2.16201424210782,FALSE,-1.98727840877482
-2.0134509760539,FALSE,-1.5939732384038
2.77429755912578,TRUE,0.72930312500335
3.28086779997583,TRUE,0.993892105876237
3.78899182203838,TRUE,0.00784207090782715
-1.20842693588287,FALSE,-0.840861815920544
2.86810042159179,TRUE,0.250717083527428
4.89105779829955,TRUE,0.680565951013297
1.88790290154955,TRUE,1.1099752534111
0.394825572133104,FALSE,-0.249496381497418
2.98717122260544,TRUE,0.275368192450218
2.46557692495469,TRUE,0.826068864692625
4.82595175877487,TRUE,1.26213888582768
-1.2887004809097,FALSE,-0.910715386259233
4.27580096021069,TRUE,0.391460134776105
2.11839213740718,TRUE,0.900715581592457
-0.0376657007650192,FALSE,-0.0678078748475293
3.73103869462579,TRUE,2.58580349945185
0.401507485137086,FALSE,-0.270573953297292
2.77051456655333,TRUE,0.152699448508653
0.206268610971654,FALSE,-0.656865121600469
0.295025802779066,FALSE,-0.347983487341678
2.74157187699598,TRUE,0.61087372743388
-0.994308998509178,FALSE,-0.310785778805975
0.116555664469113,FALSE,-0.278079950696302
4.94128061152173,TRUE,2.27760521790465
-3.34802080228553,FALSE,-2.60628680719047
-1.61206760730148,FALSE,-0.976691356199505
-2.95974149346147,FALSE,-2.39597192559675
3.82197357268274,TRUE,0.820713166921434
-1.58568627673866,FALSE,-0.498586738142705
4.74550118822918,TRUE,1.33460617751467
2.91868931197913,TRUE,0.0276600754218176
0.0205772410715723,FALSE,-2.67146555583933
-1.83303589083466,FALSE,-1.06270501608791
2.76139770884471,TRUE,0.613125878939443
0.319999176541144,FALSE,-0.857544082468124
4.44881262917814,TRUE,1.14767846714089
-1.41894474861705,FALSE,-0.454107858082089
2.8814765459458,TRUE,0.938849047967982
3.35696418725112,TRUE,2.09767336378946
5.73825898401907,TRUE,1.44346574740127
2.54222969241998,TRUE,0.276102685904273
1.97580503326507,TRUE,0.229022451082168
-1.18449095798632,FALSE,-1.87296565145088
-0.30983990233985,FALSE,-0.381215755341594
3.69569272372589,TRUE,1.37126549690755
3.70965114430552,TRUE,0.098846260473494
-0.0203534288724553,FALSE,-0.109791339153756
-2.25200511850185,FALSE,-1.14977591521847
4.99243453718362,TRUE,1.60559159546079
-0.371322899796824,FALSE,-0.400595297540927
1.4116525922128,TRUE,0.104961491278987
5.32688048139415,TRUE,0.35653091676077
2.73588725170674,TRUE,0.314654147553173
-1.24901112548217,FALSE,-1.34795616944568
3.32197384955874,TRUE,0.0657487388697866
-1.19161741232787,FALSE,-0.487930771427894
3.52636259511448,TRUE,0.769000592521858
2.90950074818053,TRUE,0.457438819112463
3.89353717694876,TRUE,1.3934540063972
0.442428440493585,FALSE,-0.190167027212292
2.68726838110134,TRUE,0.118139622741526
3.05975463244286,TRUE,1.06294446505579
4.25016356387718,TRUE,0.698850579017464
3.65765713049022,TRUE,0.0613106734798298
-0.838657393741902,FALSE,-0.396822696891261
-0.907743900170892,FALSE,-0.317659499652064
3.43848821480728,TRUE,0.172711166626988
-1.02626556922191,FALSE,-0.791905675736934
3.09605665376667,TRUE,0.838969841820493
4.93163298530068,TRUE,0.806788122333445
0.586061129035848,FALSE,-0.555216347403289
-0.700454992896148,FALSE,-0.0922796608281271
3.22087359286055,TRUE,0.219218046213625
2.58751154675506,TRUE,0.440275729545354
-1.26603870201719,FALSE,-0.368164118488169
-0.899713156116511,FALSE,-0.619018909391563
-1.75520656771595,FALSE,-0.0201018563790035
4.15656680649781,TRUE,0.673217162439769
4.26868800287014,TRUE,1.07357871251
-1.30641853278721,FALSE,-0.919394109861311
-0.892544783014804,FALSE,-1.74033292456524
2.25879122245339,TRUE,0.41726416185761
-2.42995973802502,FALSE,-1.83772560392618
-2.78984726602896,FALSE,-1.4594119777908
-0.144713636710391,FALSE,-1.38833478704857
3.65978875621096,TRUE,0.23090283503025
-0.514516419700341,FALSE,-0.538834766801501
-2.84369259358647,FALSE,-0.679938627672075
2.34862003590051,TRUE,0.480168023987716
4.35844523256945,TRUE,1.02426778300947
3.19409081510267,TRUE,0.0602848825227792
0.681622961443541,FALSE,-1.05944023988582
-1.83345808667362,FALSE,-1.8490792908786
-2.35022597235823,FALSE,-2.06398800443993
